{
    "metadata":{
        "generator":"io_three",
        "faces":60,
        "uvs":0,
        "normals":41,
        "version":3,
        "type":"Geometry",
        "vertices":56
    },
    "faces":[32,14,36,13,0,0,0,32,36,12,13,1,1,1,32,36,37,12,1,1,1,32,37,11,12,2,2,2,32,8,43,7,3,3,3,32,43,6,7,1,1,1,32,43,44,6,1,1,1,32,44,5,6,4,4,4,32,14,35,36,4,4,4,32,38,11,37,5,5,5,32,8,42,43,6,6,6,32,45,5,44,7,7,7,32,38,10,11,8,8,8,32,38,39,10,9,9,9,32,39,9,10,10,10,10,32,32,9,39,11,11,11,32,45,52,5,12,12,12,32,52,4,5,9,9,9,32,52,53,4,9,9,9,32,53,3,4,1,1,1,32,32,41,9,13,13,13,32,41,8,9,14,14,14,32,41,42,8,15,15,15,32,45,51,52,1,1,1,32,54,3,53,16,16,16,32,54,2,3,17,17,17,32,54,55,2,17,17,17,32,55,1,2,18,18,18,32,32,40,41,19,19,19,32,46,1,55,20,20,20,32,16,14,15,21,21,21,32,16,17,14,21,21,21,32,17,35,14,22,22,22,32,32,22,40,23,23,23,32,22,45,40,24,24,24,32,22,23,45,24,24,24,32,23,51,45,25,25,25,32,46,30,1,26,26,26,32,30,0,1,21,21,21,32,30,31,0,21,21,21,32,18,35,17,27,27,27,32,32,21,22,28,28,28,32,24,51,23,29,29,29,32,46,29,30,30,30,30,32,34,20,33,31,31,31,32,20,32,33,32,32,32,32,20,21,32,32,32,32,32,50,26,49,33,33,33,32,26,48,49,34,34,34,32,26,27,48,35,35,35,32,27,47,48,36,36,36,32,34,19,20,37,37,37,32,50,25,26,38,38,38,32,28,47,27,36,36,36,32,28,46,47,35,35,35,32,28,29,46,35,35,35,32,24,50,51,39,39,39,32,24,25,50,40,40,40,32,18,34,35,39,39,39,32,18,19,34,39,39,39],
    "vertices":[181.19,1.44552e-06,33.0696,157.06,1.44552e-06,33.0696,157.06,9.39849e-07,21.5012,136.401,9.39849e-07,21.5012,136.401,6.29033e-07,14.3906,111.424,6.29033e-07,14.3906,111.424,3.33017e-08,0.761855,91.1879,3.33017e-08,0.761855,91.1879,7.47439e-07,17.0994,75.6936,7.47439e-07,17.0994,75.6936,3.7742e-07,8.63435,55.2885,3.7742e-07,8.63435,55.2885,3.33017e-08,0.761855,24.8925,3.33017e-08,0.761855,24.8925,1.44552e-06,33.0696,0.762016,1.44552e-06,33.0696,0.762016,1.66753e-06,38.1486,24.8925,1.66753e-06,38.1486,24.8925,3.07486e-06,70.3446,53.0871,3.07486e-06,70.3446,53.0871,2.04991e-06,46.8964,75.6936,2.04991e-06,46.8964,75.6936,1.66753e-06,38.1486,106.344,1.66753e-06,38.1486,106.344,2.70854e-06,61.9642,129.458,2.70854e-06,61.9642,129.458,2.16091e-06,49.4359,139.11,2.16091e-06,49.4359,139.11,2.50133e-06,57.2237,157.06,2.50133e-06,57.2237,157.06,1.66753e-06,38.1486,181.19,1.66753e-06,38.1486,70.6134,1.82789e-06,41.8174,48.007,1.82789e-06,41.8174,48.007,2.85285e-06,65.2655,29.9726,2.85285e-06,65.2655,29.9726,2.55313e-07,5.84089,50.2084,2.55313e-07,5.84089,50.2084,5.99431e-07,13.7134,70.6134,5.99431e-07,13.7134,75.6936,1.44552e-06,33.0696,75.6936,9.6945e-07,22.1784,96.268,9.6945e-07,22.1784,96.268,2.55313e-07,5.84089,106.344,2.55313e-07,5.84089,106.344,1.44552e-06,33.0696,151.98,2.27932e-06,52.1447,144.19,2.27932e-06,52.1447,144.19,1.9389e-06,44.3569,124.378,1.9389e-06,44.3569,124.378,2.48653e-06,56.8851,111.424,2.48653e-06,56.8851,111.424,8.51044e-07,19.4696,131.321,8.51044e-07,19.4696,131.321,1.16186e-06,26.5803,151.98,1.16186e-06,26.5803],
    "uvs":[],
    "normals":[-2.77071e-15,1,-4.37114e-08,0,1,-4.37114e-08,-2.84266e-15,1,-4.37114e-08,5.47912e-15,1,-4.37114e-08,0,1,-4.37114e-08,-4.26399e-15,1,-4.37114e-08,1.64374e-14,1,-4.37114e-08,-6.57507e-15,1,-4.37114e-08,0,1,-4.37114e-08,0,1,-4.37114e-08,-1.32184e-14,1,-4.37114e-08,-1.91109e-14,1,-4.37114e-08,8.81224e-15,1,-4.37114e-08,8.81224e-14,1,-4.37114e-08,0,1,-4.37114e-08,0,1,-4.37114e-08,3.14723e-15,1,-4.37114e-08,0,1,-4.37114e-08,1.16069e-14,1,-4.37114e-08,-8.21909e-15,1,-4.37114e-08,1.40062e-14,1,-4.37114e-08,0,1,-4.37114e-08,1.40996e-13,1,-4.37114e-08,-4.62643e-14,1,-4.37114e-08,0,1,-4.37114e-08,7.04979e-14,1,-4.37114e-08,-6.16857e-14,1,-4.37114e-08,-8.34098e-15,1,-4.37114e-08,-3.58152e-14,1,-4.37114e-08,-3.75869e-15,1,-4.37114e-08,-1.40783e-14,1,-4.37114e-08,-3.81758e-14,1,-4.37114e-08,0,1,-4.37114e-08,-1.42901e-14,1,-4.37114e-08,0,1,-4.37114e-08,0,1,-4.37114e-08,-1.43678e-15,1,-4.37114e-08,0,1,-4.37114e-08,3.57253e-15,1,-4.37114e-08,0,1,-4.37114e-08,0,1,-4.37114e-08]
}