{
    "normals":[0,1,0,0,0,1,1,0,0,0.999969,0,0,0,0,-1,-1,0,0,-0.999969,0,0,-0.689108,-0.224342,-0.689016,-0.707114,0,-0.707053,-0.685965,-0.242744,-0.685903,0.682211,-0.262825,-0.682241,0.575976,-0.580004,-0.576006,0.685903,-0.242775,-0.685965,-0.707083,0,0.707083,0.707083,0,0.707083,-0.576037,-0.579974,-0.575976,0.707083,0,-0.707114,0,-1,0,0,0.516068,0.856533,0.856533,0.516068,0,0,0.516068,-0.856533,-0.856533,0.516068,0],
    "faces":[41,134,137,73,75,0,1,2,3,0,0,0,0,41,116,117,138,133,4,5,1,0,1,1,1,1,41,5,140,74,1,5,6,7,1,2,3,2,2,41,139,142,76,2,6,8,9,7,4,4,4,4,41,0,3,7,4,0,11,10,4,5,5,6,5,40,8,111,112,12,13,14,7,8,9,40,11,12,10,15,16,14,10,11,12,40,83,123,84,17,18,19,13,13,13,40,122,124,15,18,20,19,14,14,14,40,112,91,8,14,16,12,9,15,7,40,10,9,11,14,13,15,12,16,10,41,98,107,146,100,21,22,23,24,17,17,17,17,41,128,68,71,92,25,26,27,28,2,2,2,2,41,77,130,93,80,29,25,28,30,1,1,1,1,41,120,78,26,136,31,29,30,32,5,5,5,5,41,135,23,70,119,33,27,26,34,4,4,4,4,41,149,103,126,32,35,36,37,38,1,1,1,1,41,33,131,105,113,39,40,41,42,4,4,4,4,41,102,104,34,31,36,41,40,37,2,2,2,3,41,36,29,95,96,43,35,38,44,5,5,6,5,41,86,143,129,79,45,46,25,29,18,18,18,18,41,144,109,69,21,46,47,26,25,19,19,19,19,41,121,22,110,89,34,26,47,48,20,20,20,20,41,88,85,25,27,49,45,29,31,21,21,21,21,41,81,24,30,148,30,28,36,35,17,17,17,17,41,118,115,94,127,5,4,38,37,0,0,0,0,41,141,6,132,97,8,6,40,39,0,0,0,0,41,72,28,114,35,27,33,42,41,17,17,17,17,41,24,72,35,30,28,27,41,36,17,17,17,17,41,6,118,127,132,6,5,37,40,0,0,0,0,41,28,81,148,114,32,30,35,43,17,17,17,17,41,115,141,97,94,4,10,44,38,0,0,0,0,41,101,147,145,87,24,23,46,45,1,1,1,1,41,19,106,108,38,23,50,47,46,2,3,2,3,41,90,39,18,99,48,47,50,51,4,4,4,4,41,17,20,37,40,52,24,45,49,6,5,6,5],
    "vertices":[-0.507935,4.13419,3.83024,0.564133,4.13419,3.83024,0.564133,4.13419,2.75818,-0.507935,4.13419,2.75818,-0.507935,3.89408,3.83024,0.564133,3.89408,3.83024,0.564133,3.89408,2.75818,-0.507935,3.89408,2.75818,-0.029233,-3.4852e-09,0.029236,0,1.87598,2.23634e-07,0,0,0,0.021261,-2.53439e-09,0.02126,0,-0.024772,0.024943,-0.000389,4.30062,-0.0317555,0,4.26631,-0.0313665,0,4.30062,-0.0313665,0.000535,4.30062,-0.0319015,-0.59964,-0.0733983,2.66648,0.655838,-0.0733983,2.66648,0.655838,-0.0733995,3.92195,-0.59964,-0.0733995,3.92195,0.564133,0.4667,3.83024,0.564133,0.466699,2.75818,0.564133,3.67098,2.75818,0.564133,3.67098,3.83024,-0.507935,0.4667,3.83024,-0.507935,3.67098,3.83024,-0.507935,0.466699,2.75818,-0.507935,3.67098,2.75818,-0.660816,3.67098,3.98313,0.717014,3.67098,3.98313,0.717014,3.89408,3.98313,-0.660816,3.89408,3.98313,-0.660816,3.89408,2.6053,0.717014,3.89408,2.6053,0.717014,3.67098,2.6053,-0.660816,3.67098,2.6053,-0.59964,0.314492,3.92195,0.655838,0.314492,3.92195,0.655838,0.314493,2.66648,-0.59964,0.314493,2.66648,0.049035,4.40438,-0.0409245,0.114906,4.4047,-0.0934285,0.028095,0.0368437,2.64223,0.086479,0.0952247,2.64223,-0.032809,4.4043,-0.0279955,-0.114899,4.4047,-0.0934375,0,4.45246,-0.0338095,0,4.54255,-0.0934285,0.039968,4.30062,-0.0381305,0.100876,4.30062,-0.0934295,-0.000793,4.33626,-0.0321595,-0.062057,4.33626,-0.0934285,0.040592,4.33626,-0.0386965,0.100876,4.33626,-0.0934295,0.00109,4.33626,-0.0324565,0.062061,4.33626,-0.0934245,0.062061,4.30062,-0.0934245,-0.028566,4.33626,-0.0277725,-0.100876,4.33626,-0.0934285,-0.028127,4.30062,-0.0273745,-0.100876,4.30062,-0.0934285,-0.030285,0.0952247,2.64223,-0.062057,4.30062,-0.0934285,0.016995,4.30062,-0.0172725,-4e-06,4.30062,-0.0169595,0,3.73936e-09,-0.031368,0,4.33626,-0.0313665,0.564133,0.466699,2.75818,0.564133,0.466699,2.75818,0.564133,0.466699,2.75818,0.564133,3.67098,2.75818,0.564133,3.67098,2.75818,0.564133,4.13419,2.75818,0.564133,4.13419,2.75818,-0.507935,4.13419,2.75818,-0.507935,4.13419,2.75818,-0.507935,0.4667,3.83024,-0.507935,0.4667,3.83024,-0.507935,0.4667,3.83024,-0.507935,3.67098,3.83024,-0.507935,3.67098,3.83024,-0.000389,4.30062,-0.0317555,-0.000389,4.30062,-0.0317555,0,4.30062,-0.0313665,-0.59964,0.314492,3.92195,-0.59964,0.314492,3.92195,-0.59964,0.314492,3.92195,-0.59964,0.314493,2.66648,-0.59964,0.314493,2.66648,-0.59964,0.314493,2.66648,0,-0.024772,0.024943,0.564133,3.67098,3.83024,0.564133,3.67098,3.83024,-0.660816,3.89408,3.98313,-0.660816,3.89408,3.98313,-0.660816,3.89408,2.6053,-0.660816,3.89408,2.6053,-0.59964,-0.0733983,2.66648,-0.59964,-0.0733983,2.66648,-0.59964,-0.0733995,3.92195,-0.59964,-0.0733995,3.92195,0.717014,3.67098,3.98313,0.717014,3.67098,3.98313,0.717014,3.67098,2.6053,0.717014,3.67098,2.6053,0.655838,-0.0733983,2.66648,0.655838,-0.0733983,2.66648,0.655838,0.314493,2.66648,0.655838,0.314493,2.66648,0.655838,0.314493,2.66648,0,1.87598,2.23634e-07,0,0,0,-0.660816,3.67098,2.6053,-0.660816,3.67098,2.6053,-0.507935,3.89408,3.83024,-0.507935,3.89408,3.83024,0.564133,3.89408,3.83024,0.564133,3.89408,3.83024,-0.507935,0.466699,2.75818,-0.507935,0.466699,2.75818,-0.507935,0.466699,2.75818,0,4.26631,-0.0313665,0,4.26631,-0.0313665,0.000535,4.30062,-0.0319015,0.000535,4.30062,-0.0319015,0.717014,3.89408,3.98313,0.717014,3.89408,3.98313,0.564133,0.4667,3.83024,0.564133,0.4667,3.83024,0.564133,0.4667,3.83024,0.717014,3.89408,2.6053,0.717014,3.89408,2.6053,-0.507935,4.13419,3.83024,-0.507935,4.13419,3.83024,-0.507935,3.67098,2.75818,-0.507935,3.67098,2.75818,0.564133,4.13419,3.83024,0.564133,4.13419,3.83024,0.564133,3.89408,2.75818,0.564133,3.89408,2.75818,-0.507935,3.89408,2.75818,-0.507935,3.89408,2.75818,0.655838,0.314492,3.92195,0.655838,0.314492,3.92195,0.655838,0.314492,3.92195,0.655838,-0.0733995,3.92195,0.655838,-0.0733995,3.92195,-0.660816,3.67098,3.98313,-0.660816,3.67098,3.98313],
    "uvs":[[0.166707,0.679437,0.332726,0.679437,0.332514,0.845032,0.166919,0.845032,0.166707,0.651479,0.332726,0.651479,0.499432,0.651479,0.499432,0.679437,0.66591,0.651479,0.66591,0.679437,0,0.651479,0,0.679437,0.717504,0.022974,0.710313,0.404275,0.710313,0.022974,0.703762,0.022974,0.710313,0.017013,0.710409,0.897096,0.710313,0.890122,0.710313,0.897096,0.710148,0.897096,0.167396,0,0.332036,0,0.332726,0.156979,0.166707,0.156979,0.332726,0.216532,0.499432,0.216532,0.499432,0.589716,0.332726,0.589716,0.166707,0.216532,0.166707,0.589716,0,0.216532,0,0.589716,0.66591,0.589716,0.66591,0.216532,0.166707,0.610492,0.332726,0.610492,0.332726,0.630708,0.166707,0.630708,0.66591,0.630708,0.499432,0.630708,0.499432,0.610492,0.66591,0.610492,0,0.610492,0,0.630708,0.166707,0.195581,0.332726,0.195581,0.499432,0.195581,0.66591,0.195581,0,0.195581,0.499432,0.156979,0.66591,0.156979,0,0.156979]],
    "metadata":{
        "uvs":1,
        "generator":"io_three",
        "normals":22,
        "type":"Geometry",
        "faces":36,
        "version":3,
        "vertices":150
    }
}